{
    "factorized_top_k/top_1_categorical_accuracy": 0.026594681665301323,
    "factorized_top_k/top_5_categorical_accuracy": 0.11277744174003601,
    "factorized_top_k/top_10_categorical_accuracy": 0.17456509172916412,
    "factorized_top_k/top_50_categorical_accuracy": 0.40071985125541687,
    "factorized_top_k/top_100_categorical_accuracy": 0.5324934720993042,
    "loss": 5157.03857421875,
    "regularization_loss": 0,
    "total_loss": 5157.03857421875
}